27-6384995;Johnette;Northidge;Female
32-4973300;Nero;Hoofe;Male
90-9932229;Ame;O'Cahey;Female
55-0065788;Baron;Kneeshaw;Male
27-7522731;Rene;Davidescu;Male
41-9738389;Annemarie;Suller;Female
20-6618908;Davita;Burriss;Female
08-8253233;Jamey;Orpyne;Male
85-9668425;Gilberte;Smithyman;Female
48-0073943;Janey;Stigger;Female
68-4963357;Brett;Acutt;Female
66-0067184;Rachelle;Barnsdall;Female
31-4092266;Sandy;Rosenberger;Female
14-0958124;Cornelia;Point;Female
62-7426660;Banky;Lummus;Male
40-9754585;Trixi;Bidmead;Female
25-4876513;Nerita;Runchman;Female
92-1210561;Piper;Upcott;Female
51-8882656;Julia;Ducker;Female
47-4963535;Stanton;Estick;Male
62-8093145;Andreas;Kieff;Male
58-6804246;Donny;Flarity;Female
59-2547534;Gwenette;Costi;Female
52-8971715;Dee dee;Server;Female
38-2561787;Clara;McOrkill;Female
85-9669027;Thia;Brawn;Polygender
97-9729680;Cathyleen;Capelin;Female
97-5925042;Loni;Daffey;Female
30-0341147;Genevra;Guerner;Non-binary
01-8170492;Elihu;Dunthorn;Male
12-7975985;Garrard;Ganniclifft;Male
02-0170814;Nyssa;Wayt;Female
52-4309039;Joaquin;Errowe;Male
48-3277044;Reid;Eglinton;Male
17-3532216;Austin;Kull;Male
89-6384887;Kurt;Dudin;Male
69-5053340;Chelsy;Renzini;Female
97-2625961;Diane;Clemenceau;Female
96-7424689;Dall;Romero;Male
14-3897697;Waite;Issitt;Male
57-0057585;Rodge;Aizkovitch;Male
73-0059361;Doralia;Lehrer;Female
09-5757240;Dyanna;Babalola;Female
72-5841588;Mercedes;Coole;Female
94-8970376;Christal;McNair;Female
76-8890900;Mason;Glyde;Male
98-4244137;Lauritz;Bartolomieu;Male
07-5772417;Barnie;Vlasenkov;Male
22-1747360;Noell;Godthaab;Female
43-9025766;Gareth;Fulstow;Male
67-9912899;Bary;Franz;Male
33-0155361;Berget;Quinet;Female
35-2804240;Salomon;Bossom;Male
